path	lane	origin
app/page.tsx	D	off-surface
app/styles/03-nav-results-modals.css	D	off-surface
apps/rn/app.json	D	s0-first-look
apps/rn/eslint.config.mjs	D	s0-first-look
apps/rn/src/analytics/funnel.test.ts	B	stale-read
apps/rn/src/analytics/funnel.ts	B	stale-read
apps/rn/src/app/_layout.tsx	C	stale-read
apps/rn/src/app/(tabs)/_layout.tsx	C	stale-read
apps/rn/src/app/(tabs)/index.tsx	C	stale-read
apps/rn/src/app/(tabs)/money.tsx	C	fix-churn
apps/rn/src/app/(tabs)/progress.tsx	C	fix-churn
apps/rn/src/app/+not-found.tsx	C	stale-read
apps/rn/src/app/cushion-forecast.tsx	C	stale-read
apps/rn/src/app/demo.tsx	C	stale-read
apps/rn/src/app/history.tsx	C	stale-read
apps/rn/src/app/living-expenses.tsx	C	stale-read
apps/rn/src/app/more.tsx	C	first-look
apps/rn/src/app/onboarding.tsx	C	stale-read
apps/rn/src/app/paywall.tsx	C	fix-churn
apps/rn/src/app/schedule/[id].tsx	C	stale-read
apps/rn/src/app/tutorial.tsx	C	stale-read
apps/rn/src/appIntents/drainPendingActions.ts	C	stale-read
apps/rn/src/appIntents/pendingActionBridge.native.ts	C	stale-read
apps/rn/src/appIntents/pendingActions.test.ts	C	stale-read
apps/rn/src/appIntents/pendingActions.ts	C	stale-read
apps/rn/src/components/AppLockGate.tsx	C	stale-read
apps/rn/src/components/DataResetScreen.tsx	C	stale-read
apps/rn/src/components/entities/AddObligationSheet.tsx	C	stale-read
apps/rn/src/components/entities/AmortizationView.tsx	C	stale-read
apps/rn/src/components/entities/DebtSheet.tsx	C	fix-churn
apps/rn/src/components/entities/ExpenseSheet.tsx	C	stale-read
apps/rn/src/components/entities/GoalSheet.tsx	C	stale-read
apps/rn/src/components/entities/ImportDebtsSheet.tsx	C	fix-churn
apps/rn/src/components/entities/LivingExpenseSheet.tsx	C	stale-read
apps/rn/src/components/entities/LogPaymentSheet.tsx	C	fix-churn
apps/rn/src/components/money/AllocationBarCanvas.tsx	C	stale-read
apps/rn/src/components/money/AllocationBarCanvas.web.tsx	C	stale-read
apps/rn/src/components/money/AllocationBarChart.tsx	C	stale-read
apps/rn/src/components/money/BillBreakdownSheet.tsx	C	stale-read
apps/rn/src/components/money/BnplCalendarSection.tsx	C	stale-read
apps/rn/src/components/more-button.tsx	C	stale-read
apps/rn/src/components/more/BackupSheets.tsx	C	stale-read
apps/rn/src/components/more/CloudBackupSheet.tsx	C	neighbour
apps/rn/src/components/more/CoachMarkProbeReadout.tsx	C	stale-read
apps/rn/src/components/more/LegacyBridgeProbeReadout.tsx	C	stale-read
apps/rn/src/components/more/LiveActivityQA.tsx	C	stale-read
apps/rn/src/components/more/ReduceMotionProbeReadout.tsx	C	stale-read
apps/rn/src/components/more/SettingRow.tsx	C	stale-read
apps/rn/src/components/onboarding/CompletionStep.tsx	C	stale-read
apps/rn/src/components/onboarding/FirstDebtOrBillStep.tsx	C	stale-read
apps/rn/src/components/onboarding/OnboardingLayout.tsx	C	neighbour
apps/rn/src/components/onboarding/PaycheckStep.tsx	C	stale-read
apps/rn/src/components/onboarding/WelcomeStep.tsx	C	stale-read
apps/rn/src/components/payday/PaydayCaptureSheet.tsx	C	stale-read
apps/rn/src/components/payoff/compareStrategies.test.ts	C	stale-read
apps/rn/src/components/payoff/compareStrategies.ts	C	stale-read
apps/rn/src/components/payoff/monthLabels.test.ts	C	stale-read
apps/rn/src/components/payoff/monthLabels.ts	C	stale-read
apps/rn/src/components/payoff/StrategyCompare.tsx	C	stale-read
apps/rn/src/components/payoff/TrajectoryCanvas.tsx	C	stale-read
apps/rn/src/components/payoff/TrajectoryCanvas.web.tsx	C	stale-read
apps/rn/src/components/payoff/TrajectoryChart.tsx	C	stale-read
apps/rn/src/components/payoff/trajectoryDomain.test.ts	C	stale-read
apps/rn/src/components/payoff/trajectoryDomain.ts	C	stale-read
apps/rn/src/components/payoff/TrajectorySkiaChart.tsx	C	stale-read
apps/rn/src/components/payoff/WhatIfControls.tsx	C	stale-read
apps/rn/src/components/payoff/whereText.test.ts	C	first-look
apps/rn/src/components/payoff/whereText.ts	C	stale-read
apps/rn/src/components/plan/AffordabilityCard.tsx	C	stale-read
apps/rn/src/components/plan/AffordabilityImpactBar.tsx	C	stale-read
apps/rn/src/components/plan/CaptureSlate.tsx	C	stale-read
apps/rn/src/components/plan/CashRunwayCanvas.tsx	C	stale-read
apps/rn/src/components/plan/CashRunwayCanvas.web.tsx	C	stale-read
apps/rn/src/components/plan/CashRunwayChart.tsx	C	stale-read
apps/rn/src/components/plan/CashRunwaySkiaChart.tsx	C	stale-read
apps/rn/src/components/plan/CoachMarkLayer.tsx	C	neighbour
apps/rn/src/components/plan/CushionBarCanvas.tsx	C	stale-read
apps/rn/src/components/plan/CushionBarCanvas.web.tsx	C	stale-read
apps/rn/src/components/plan/CushionBarChart.tsx	C	stale-read
apps/rn/src/components/plan/CushionFloorSheet.tsx	C	stale-read
apps/rn/src/components/plan/DataRepairsCard.tsx	C	stale-read
apps/rn/src/components/plan/dataRepairsCopy.test.ts	C	stale-read
apps/rn/src/components/plan/dataRepairsCopy.ts	C	fix-churn
apps/rn/src/components/plan/DemoAutoEntry.tsx	C	neighbour
apps/rn/src/components/plan/DemoCaption.tsx	C	neighbour
apps/rn/src/components/plan/DemoDirector.tsx	C	neighbour
apps/rn/src/components/plan/DemoDock.tsx	C	neighbour
apps/rn/src/components/plan/FloorImpactBar.tsx	C	stale-read
apps/rn/src/components/plan/GraduationCards.tsx	C	stale-read
apps/rn/src/components/plan/GuardianProofStrip.tsx	C	stale-read
apps/rn/src/components/plan/GuardianScorecard.tsx	C	stale-read
apps/rn/src/components/plan/LeanSuggestionCard.tsx	C	stale-read
apps/rn/src/components/plan/MeshGradientCanvas.tsx	C	neighbour
apps/rn/src/components/plan/MeshGradientChart.tsx	C	stale-read
apps/rn/src/components/plan/MilestoneAckCard.tsx	C	stale-read
apps/rn/src/components/plan/PaidOffBeat.tsx	C	stale-read
apps/rn/src/components/plan/PaidOffFinale.tsx	C	stale-read
apps/rn/src/components/plan/PaycheckSheet.tsx	C	stale-read
apps/rn/src/components/plan/PaydayGuardianCard.tsx	C	stale-read
apps/rn/src/components/plan/PayoffInvitationCard.tsx	C	stale-read
apps/rn/src/components/plan/PlanHero.tsx	C	stale-read
apps/rn/src/components/plan/RecommendedActionsCard.tsx	C	stale-read
apps/rn/src/components/plan/RecoveryPlanSection.tsx	C	stale-read
apps/rn/src/components/plan/RequiredActionsCard.tsx	C	stale-read
apps/rn/src/components/plan/SaveForItSheet.tsx	C	stale-read
apps/rn/src/components/plan/ShareCard.tsx	C	stale-read
apps/rn/src/components/plan/SpokenForSheet.tsx	C	stale-read
apps/rn/src/components/plan/TutorialCoach.tsx	C	neighbour
apps/rn/src/components/plan/TutorialFence.tsx	C	neighbour
apps/rn/src/components/plan/TutorialInviteCard.tsx	C	neighbour
apps/rn/src/components/plan/tutorialStage.ts	C	neighbour
apps/rn/src/components/plan/useCaptureAutoConfirm.ts	C	stale-read
apps/rn/src/components/plan/WindfallSheet.tsx	C	stale-read
apps/rn/src/components/premium/PremiumInvite.tsx	C	stale-read
apps/rn/src/components/progress/CashFlowSection.tsx	C	stale-read
apps/rn/src/components/progress/JourneyRingCanvas.tsx	C	neighbour
apps/rn/src/components/progress/JourneyRingChart.tsx	C	stale-read
apps/rn/src/components/progress/PaidOffArchive.tsx	C	stale-read
apps/rn/src/components/progress/TimelineLedger.tsx	C	stale-read
apps/rn/src/components/SaveFailedBanner.tsx	C	neighbour
apps/rn/src/components/screen.tsx	C	stale-read
apps/rn/src/components/StorageErrorScreen.tsx	C	stale-read
apps/rn/src/components/ui/AddRow.tsx	C	first-look
apps/rn/src/components/ui/AnimatedSheet.tsx	C	stale-read
apps/rn/src/components/ui/AppIcon.ios.tsx	C	first-look
apps/rn/src/components/ui/AppIcon.tsx	C	first-look
apps/rn/src/components/ui/Button.tsx	C	first-look
apps/rn/src/components/ui/Card.tsx	C	first-look
apps/rn/src/components/ui/ChartSkeleton.tsx	C	first-look
apps/rn/src/components/ui/CheckCircle.tsx	C	first-look
apps/rn/src/components/ui/DateField.tsx	C	first-look
apps/rn/src/components/ui/DateField.web.tsx	C	first-look
apps/rn/src/components/ui/EmptyState.tsx	C	first-look
apps/rn/src/components/ui/FormSheet.tsx	C	stale-read
apps/rn/src/components/ui/ListRow.tsx	C	stale-read
apps/rn/src/components/ui/MasterDetail.tsx	C	first-look
apps/rn/src/components/ui/Pill.tsx	C	first-look
apps/rn/src/components/ui/PressableScale.tsx	C	first-look
apps/rn/src/components/ui/RadioGroup.tsx	C	first-look
apps/rn/src/components/ui/RowContextMenu.ios.tsx	C	stale-read
apps/rn/src/components/ui/RowContextMenu.tsx	C	stale-read
apps/rn/src/components/ui/SegmentedToggle.tsx	C	first-look
apps/rn/src/components/ui/Select.tsx	C	first-look
apps/rn/src/components/ui/sheet-styles.ts	C	first-look
apps/rn/src/components/ui/SheetBackdrop.tsx	C	first-look
apps/rn/src/components/ui/SheetScrim.tsx	C	first-look
apps/rn/src/components/ui/Slider.tsx	C	stale-read
apps/rn/src/components/ui/SwitchRow.tsx	C	first-look
apps/rn/src/components/ui/TextField.tsx	C	stale-read
apps/rn/src/components/ui/TwoColumn.tsx	C	first-look
apps/rn/src/config/qa.ts	B	stale-read
apps/rn/src/data/backup.test.ts	B	neighbour
apps/rn/src/data/backup.ts	B	neighbour
apps/rn/src/data/backupFile.ts	B	neighbour
apps/rn/src/data/cloudBackup.test.ts	B	neighbour
apps/rn/src/data/cloudBackup.ts	B	neighbour
apps/rn/src/data/cloudBackupMessages.test.ts	B	off-surface
apps/rn/src/data/cloudBackupMessages.ts	B	off-surface
apps/rn/src/data/defaults.ts	B	stale-read
apps/rn/src/data/formatBackupTime.ts	B	neighbour
apps/rn/src/data/legacyBridge/mapLegacyStore.test.ts	B	neighbour
apps/rn/src/data/legacyBridge/mapLegacyStore.ts	B	neighbour
apps/rn/src/data/legacyBridge/migrateFromLegacy.test.ts	B	neighbour
apps/rn/src/data/legacyBridge/migrateFromLegacy.ts	B	neighbour
apps/rn/src/data/legacyBridge/originalBalance.ts	B	neighbour
apps/rn/src/data/legacyBridge/report.ts	B	neighbour
apps/rn/src/data/legacyBridge/webkitLocalStorage.ts	B	neighbour
apps/rn/src/data/migrationAudit/audit.test.ts	D	instrument
apps/rn/src/data/migrationAudit/cutoverFiles.test.ts	B	s0-first-look
apps/rn/src/data/migrationAudit/doors.ts	B	neighbour
apps/rn/src/data/migrationAudit/hostile.test.ts	B	neighbour
apps/rn/src/data/migrationAudit/interruption.test.ts	B	s0-first-look
apps/rn/src/data/migrationAudit/invariants.ts	D	instrument
apps/rn/src/data/migrationAudit/run.ts	B	neighbour
apps/rn/src/data/migrations.test.ts	B	stale-read
apps/rn/src/data/migrations.ts	B	fix-churn
apps/rn/src/data/models.ts	B	fix-churn
apps/rn/src/data/readBackup.test.ts	B	off-surface
apps/rn/src/data/readBackup.ts	B	off-surface
apps/rn/src/hooks/spotlight.test.ts	C	stale-read
apps/rn/src/hooks/use-app-colors.ts	C	neighbour
apps/rn/src/hooks/use-app-lock.ts	C	stale-read
apps/rn/src/hooks/use-cloud-backup.ts	C	fix-churn
apps/rn/src/hooks/use-coach-mark.ts	C	stale-read
apps/rn/src/hooks/use-color-scheme.ts	C	neighbour
apps/rn/src/hooks/use-go-to-tab.ts	C	stale-read
apps/rn/src/hooks/use-inert.ts	C	neighbour
apps/rn/src/hooks/use-layout.ts	C	neighbour
apps/rn/src/hooks/use-notification-sync.ts	C	stale-read
apps/rn/src/hooks/use-payday-capture.ts	C	stale-read
apps/rn/src/hooks/use-sheet-presentation.ts	C	stale-read
apps/rn/src/hooks/use-spotlight.ts	C	stale-read
apps/rn/src/keyCommands/keyCommandBus.test.ts	C	stale-read
apps/rn/src/keyCommands/keyCommandBus.ts	C	stale-read
apps/rn/src/keyCommands/KeyCommandListener.ios.tsx	C	stale-read
apps/rn/src/keyCommands/KeyCommandListener.tsx	C	stale-read
apps/rn/src/lib/app-lock.ts	B	stale-read
apps/rn/src/lib/review.ts	B	stale-read
apps/rn/src/lib/scan.ts	B	stale-read
apps/rn/src/lib/scan.web.ts	B	stale-read
apps/rn/src/liveActivity/liveActivityBridge.native.ts	C	stale-read
apps/rn/src/liveActivity/liveActivityBridge.types.ts	C	stale-read
apps/rn/src/liveActivity/liveActivityKeys.ts	C	stale-read
apps/rn/src/liveActivity/liveActivitySync.ts	C	stale-read
apps/rn/src/liveActivity/paydayActivityContent.test.ts	C	stale-read
apps/rn/src/liveActivity/paydayActivityContent.ts	C	stale-read
apps/rn/src/motion/CountUp.tsx	C	stale-read
apps/rn/src/motion/haptics.ts	C	stale-read
apps/rn/src/motion/hooks.ts	C	first-look
apps/rn/src/motion/index.ts	C	first-look
apps/rn/src/motion/Motion.tsx	C	first-look
apps/rn/src/notifications/notificationCopy.ts	C	stale-read
apps/rn/src/notifications/notifications.ts	C	stale-read
apps/rn/src/notifications/notifications.web.ts	C	stale-read
apps/rn/src/premium/config.ts	C	stale-read
apps/rn/src/premium/introOffer.test.ts	C	stale-read
apps/rn/src/premium/introOffer.ts	C	stale-read
apps/rn/src/premium/legal.ts	C	stale-read
apps/rn/src/premium/perMonthAnchor.test.ts	C	first-look
apps/rn/src/premium/perMonthAnchor.ts	C	first-look
apps/rn/src/premium/premiumKind.test.ts	C	stale-read
apps/rn/src/premium/premiumKind.ts	C	stale-read
apps/rn/src/premium/premiumSync.ts	C	stale-read
apps/rn/src/premium/purchases.ts	C	fix-churn
apps/rn/src/premium/purchasesClient.ts	C	stale-read
apps/rn/src/premium/purchasesClient.web.ts	C	stale-read
apps/rn/src/storage/adapter.ts	B	neighbour
apps/rn/src/storage/cloudBackup/createCloudBackupProvider.ios.ts	B	stale-read
apps/rn/src/storage/cloudBackup/createCloudBackupProvider.ts	B	neighbour
apps/rn/src/storage/cloudBackup/index.ts	B	neighbour
apps/rn/src/storage/cloudBackup/provider.ts	B	neighbour
apps/rn/src/storage/cloudBackup/service.test.ts	B	fix-churn
apps/rn/src/storage/cloudBackup/service.ts	B	fix-churn
apps/rn/src/storage/createAdapter.test.ts	B	stale-read
apps/rn/src/storage/createAdapter.ts	B	stale-read
apps/rn/src/storage/createAdapter.web.ts	B	stale-read
apps/rn/src/store/affordability.test.ts	B	first-look
apps/rn/src/store/analysisSelectors.ts	B	fix-churn
apps/rn/src/store/appStore.ts	B	stale-read
apps/rn/src/store/balanceSelectors.ts	B	fix-churn
apps/rn/src/store/bnplCadence.test.ts	B	first-look
apps/rn/src/store/boundedRun.ts	B	stale-read
apps/rn/src/store/celebrationSelectors.test.ts	B	stale-read
apps/rn/src/store/celebrationSelectors.ts	B	stale-read
apps/rn/src/store/coachMarks.ts	B	neighbour
apps/rn/src/store/debtFreeBand.test.ts	B	first-look
apps/rn/src/store/debtIds.test.ts	B	fix-churn
apps/rn/src/store/debtIds.ts	B	fix-churn
apps/rn/src/store/demoSession.test.ts	B	off-surface
apps/rn/src/store/demoSession.ts	B	neighbour
apps/rn/src/store/drift.ts	B	fix-churn
apps/rn/src/store/expenseReserve.test.ts	B	first-look
apps/rn/src/store/expenseReserveSelectors.ts	B	stale-read
apps/rn/src/store/forecastCycles.ts	B	stale-read
apps/rn/src/store/glossary.test.ts	B	first-look
apps/rn/src/store/greeting.test.ts	B	first-look
apps/rn/src/store/greeting.ts	B	stale-read
apps/rn/src/store/guardianPrediction.test.ts	B	stale-read
apps/rn/src/store/guardianPrediction.ts	B	stale-read
apps/rn/src/store/guardianPredictionCore.ts	B	stale-read
apps/rn/src/store/guardianSelectors.test.ts	B	stale-read
apps/rn/src/store/guardianSelectors.ts	B	stale-read
apps/rn/src/store/guardianSubjects.test.ts	B	first-look
apps/rn/src/store/guardianSubjects.ts	B	stale-read
apps/rn/src/store/guardianTrust.test.ts	B	stale-read
apps/rn/src/store/historySelectors.ts	B	stale-read
apps/rn/src/store/incomeLearning.ts	B	stale-read
apps/rn/src/store/journeySelectors.test.ts	B	stale-read
apps/rn/src/store/journeySelectors.ts	B	stale-read
apps/rn/src/store/logPaymentCopy.test.ts	B	first-look
apps/rn/src/store/logPaymentCopy.ts	B	first-look
apps/rn/src/store/looksLikeDebt.test.ts	B	stale-read
apps/rn/src/store/looksLikeDebt.ts	B	stale-read
apps/rn/src/store/milestoneCross.test.ts	B	first-look
apps/rn/src/store/obligationForm.ts	B	stale-read
apps/rn/src/store/onboardingFinish.test.ts	B	first-look
apps/rn/src/store/onboardingFinish.ts	B	stale-read
apps/rn/src/store/paycheckForm.test.ts	B	stale-read
apps/rn/src/store/paycheckForm.ts	B	stale-read
apps/rn/src/store/payday.ts	B	fix-churn
apps/rn/src/store/payoffCelebration.test.ts	B	first-look
apps/rn/src/store/payoffCelebration.ts	B	stale-read
apps/rn/src/store/payoffSelectors.ts	B	fix-churn
apps/rn/src/store/payoffViewGag.test.ts	B	first-look
apps/rn/src/store/paywallLead.test.ts	B	stale-read
apps/rn/src/store/paywallLead.ts	B	stale-read
apps/rn/src/store/persistence.ts	B	stale-read
apps/rn/src/store/persistenceLifecycle.test.ts	B	first-look
apps/rn/src/store/planSelectors.test.ts	B	stale-read
apps/rn/src/store/planSelectors.ts	B	fix-churn
apps/rn/src/store/projectedIncome.test.ts	B	stale-read
apps/rn/src/store/projectedIncome.ts	B	stale-read
apps/rn/src/store/proofOfWork.test.ts	B	stale-read
apps/rn/src/store/realWriteGuard.test.ts	B	first-look
apps/rn/src/store/realWriteGuard.ts	B	stale-read
apps/rn/src/store/recoverySelectors.test.ts	B	stale-read
apps/rn/src/store/recoverySelectors.ts	B	stale-read
apps/rn/src/store/requiredPlanTrust.test.ts	B	first-look
apps/rn/src/store/sandboxBeats.ts	B	neighbour
apps/rn/src/store/sandboxHarness.ts	B	neighbour
apps/rn/src/store/sandboxRun.ts	B	neighbour
apps/rn/src/store/sandboxScenarios.test.ts	B	neighbour
apps/rn/src/store/sandboxScenarios.ts	B	neighbour
apps/rn/src/store/sandboxStore.test.ts	B	neighbour
apps/rn/src/store/sandboxStore.ts	B	neighbour
apps/rn/src/store/selectors.ts	B	stale-read
apps/rn/src/store/steadyStateProjection.test.ts	B	first-look
apps/rn/src/store/store.ts	B	stale-read
apps/rn/src/store/storeActions.test.ts	B	fix-churn
apps/rn/src/store/storeContext.test.ts	B	first-look
apps/rn/src/store/StoreContext.tsx	B	stale-read
apps/rn/src/store/substrateProducers.test.ts	B	stale-read
apps/rn/src/store/substrateProducers.ts	B	stale-read
apps/rn/src/store/topUpSelectors.ts	B	stale-read
apps/rn/src/store/trustSelectors.test.ts	B	fix-churn
apps/rn/src/store/trustSelectors.ts	B	fix-churn
apps/rn/src/store/tutorialPath.ts	B	neighbour
apps/rn/src/store/tutorialSelectors.test.ts	B	neighbour
apps/rn/src/store/tutorialSelectors.ts	B	neighbour
apps/rn/src/store/tutorialSession.ts	B	neighbour
apps/rn/src/store/tutorialShell.tsx	B	neighbour
apps/rn/src/store/tutorialTargets.tsx	B	neighbour
apps/rn/src/store/useAppStore.ts	B	stale-read
apps/rn/src/store/windfallSplit.test.ts	B	first-look
apps/rn/src/testing/runAppTests.ts	D	instrument
apps/rn/src/testing/runScenarioTests.ts	C	s0-first-look
apps/rn/src/testing/scenarios/guardianColdStartLifecycle.scenario.ts	C	s0-first-look
apps/rn/src/theme/colors.ts	C	stale-read
apps/rn/src/theme/elevation.ts	C	first-look
apps/rn/src/theme/icons.ts	C	first-look
apps/rn/src/theme/index.ts	C	first-look
apps/rn/src/theme/motion.ts	C	first-look
apps/rn/src/theme/spacing.ts	C	first-look
apps/rn/src/theme/typography.ts	C	first-look
apps/rn/src/types/react-native-ios-context-menu.d.ts	B	stale-read
apps/rn/src/utils/a11y.ts	B	stale-read
apps/rn/src/utils/canvaskit.ts	B	stale-read
apps/rn/src/utils/confirm.ts	B	stale-read
apps/rn/src/utils/debtFreeSound.ts	B	stale-read
apps/rn/src/utils/debtFreeSound.web.ts	B	stale-read
apps/rn/src/utils/ecosystem.ts	B	stale-read
apps/rn/src/utils/format.test.ts	B	stale-read
apps/rn/src/utils/format.ts	B	fix-churn
apps/rn/src/utils/moneyFormatters.test.ts	B	first-look
apps/rn/src/utils/reportError.ts	B	stale-read
apps/rn/src/utils/scrubBreadcrumb.test.ts	B	stale-read
apps/rn/src/utils/scrubBreadcrumb.ts	B	stale-read
apps/rn/src/utils/sentry.ts	B	stale-read
apps/rn/src/utils/sentry.web.ts	B	stale-read
apps/rn/src/utils/share-card.ts	B	stale-read
apps/rn/src/utils/share-card.web.ts	B	stale-read
apps/rn/src/utils/skia-ready.ts	B	neighbour
apps/rn/src/utils/skia-ready.web.ts	B	first-look
apps/rn/src/widget/snapshot.ts	C	fix-churn
apps/rn/src/widget/widgetKeys.ts	C	stale-read
apps/rn/src/widget/widgetStorage.native.ts	C	neighbour
apps/rn/src/widget/widgetStorage.ts	C	neighbour
apps/rn/src/widget/widgetSync.test.ts	C	fix-churn
apps/rn/src/widget/widgetSync.ts	C	stale-read
apps/rn/tests/e2e/a11y-axe.spec.ts	A	first-look
apps/rn/tests/e2e/a11y-row-labels.spec.ts	A	stale-read
apps/rn/tests/e2e/absorb-entry.spec.ts	A	stale-read
apps/rn/tests/e2e/ack-coordinator.spec.ts	A	stale-read
apps/rn/tests/e2e/affordability.spec.ts	A	stale-read
apps/rn/tests/e2e/amount-guards.spec.ts	A	stale-read
apps/rn/tests/e2e/analytics-optout.spec.ts	A	first-look
apps/rn/tests/e2e/bill-category-partition.spec.ts	A	stale-read
apps/rn/tests/e2e/blur-glass.spec.ts	A	stale-read
apps/rn/tests/e2e/bnpl.spec.ts	A	stale-read
apps/rn/tests/e2e/celebration.spec.ts	A	first-look
apps/rn/tests/e2e/cushion-forecast.spec.ts	A	stale-read
apps/rn/tests/e2e/earlyjourney.spec.ts	A	first-look
apps/rn/tests/e2e/enh-audit-screens.spec.ts	A	stale-read
apps/rn/tests/e2e/expense-reserve.spec.ts	A	stale-read
apps/rn/tests/e2e/goal-pace-edit.spec.ts	A	stale-read
apps/rn/tests/e2e/goal-row-saved.spec.ts	A	stale-read
apps/rn/tests/e2e/greeting.spec.ts	A	first-look
apps/rn/tests/e2e/guardian-shortfall-topup.spec.ts	A	stale-read
apps/rn/tests/e2e/guardian.spec.ts	A	stale-read
apps/rn/tests/e2e/helpers/seed.ts	A	stale-read
apps/rn/tests/e2e/hero-date-fit.spec.ts	A	first-look
apps/rn/tests/e2e/intent-undo.spec.ts	A	stale-read
apps/rn/tests/e2e/ipad-layouts.spec.ts	A	first-look
apps/rn/tests/e2e/misfiled-expense.spec.ts	A	stale-read
apps/rn/tests/e2e/money-add-chooser.spec.ts	A	stale-read
apps/rn/tests/e2e/no-bills-branch.spec.ts	A	stale-read
apps/rn/tests/e2e/on-plan-streak.spec.ts	A	stale-read
apps/rn/tests/e2e/payday-reopen.spec.ts	A	first-look
apps/rn/tests/e2e/payoff-schedule.spec.ts	A	stale-read
apps/rn/tests/e2e/paywall.spec.ts	A	stale-read
apps/rn/tests/e2e/plan-hero-conserves.spec.ts	A	stale-read
apps/rn/tests/e2e/premium-entry.spec.ts	A	first-look
apps/rn/tests/e2e/progress-hero-journey.spec.ts	A	stale-read
apps/rn/tests/e2e/proofofwork.spec.ts	A	stale-read
apps/rn/tests/e2e/recovery.spec.ts	A	stale-read
apps/rn/tests/e2e/route-smoke.spec.ts	A	stale-read
apps/rn/tests/e2e/saveforit-pace.spec.ts	A	stale-read
apps/rn/tests/e2e/sheet-polish.spec.ts	A	stale-read
apps/rn/tests/e2e/sheet-remove.spec.ts	A	stale-read
apps/rn/tests/e2e/spoken-state.spec.ts	A	first-look
apps/rn/tests/e2e/strategy-compare.spec.ts	A	stale-read
apps/rn/tests/e2e/swipe-delete.spec.ts	A	stale-read
apps/rn/tests/e2e/swipe-mark-paid.spec.ts	A	stale-read
apps/rn/tests/e2e/topup-sources.spec.ts	A	stale-read
apps/rn/tests/e2e/trajectory-domain.spec.ts	A	stale-read
apps/rn/tests/e2e/trajectory-interactivity.spec.ts	A	first-look
apps/rn/tests/e2e/trials.spec.ts	A	stale-read
apps/rn/tests/e2e/trust-claims.spec.ts	A	first-look
apps/rn/tests/e2e/variable-income.spec.ts	A	stale-read
apps/rn/tests/e2e/vis5-cone.spec.ts	A	stale-read
apps/rn/tests/e2e/windfall.spec.ts	A	stale-read
apps/rn/tests/shots/add-chooser.shot.ts	A	s0-first-look
apps/rn/tests/shots/demo-beats.shot.ts	A	s0-first-look
apps/rn/tests/shots/explore-demo.shot.ts	A	s0-first-look
apps/rn/tests/shots/floor-impact.shot.ts	A	s0-first-look
apps/rn/tests/shots/guardian-spacing.shot.ts	A	s0-first-look
apps/rn/tests/shots/misfiled-hint.shot.ts	A	s0-first-look
apps/rn/tests/shots/money-sections.shot.ts	A	s0-first-look
apps/rn/tests/shots/p6.8-a11y.shot.ts	A	s0-first-look
apps/rn/tests/shots/phase35-themes.shot.ts	A	s0-first-look
components/AmortizationCalendar.tsx	D	neighbour
components/Debts/AddDebtModal.tsx	D	neighbour
components/Debts/DebtGroup.tsx	D	neighbour
components/Debts/DebtRow.tsx	D	neighbour
components/DebtsSection.tsx	D	neighbour
components/GoalsSection.tsx	D	neighbour
components/HistorySection.tsx	D	neighbour
components/LivingExpensesSection.tsx	D	neighbour
components/PaydayCaptureSheet.tsx	D	neighbour
components/PayoffInterestSavedCard.tsx	D	neighbour
components/RequiredActionItem.tsx	D	neighbour
components/RequiredExpenses/AddExpenseModal.tsx	D	neighbour
components/RequiredExpenses/ExpenseListItem.tsx	D	neighbour
components/RequiredExpensesSection.tsx	D	neighbour
components/Results/CompletedActionsList.tsx	D	neighbour
components/Results/OptionalGoalsList.tsx	D	neighbour
components/ResultsSection.tsx	D	neighbour
components/SnowballSection.tsx	D	neighbour
components/SwipeActionCard.tsx	D	neighbour
components/TimelineSection.tsx	D	neighbour
lib/hooks/useAppLock.ts	D	off-surface
lib/hooks/useDebts.ts	D	off-surface
lib/hooks/useRequiredExpenses.ts	D	off-surface
package.json	D	off-surface
packages/core/cashflow/detectCrunches.ts	A	stale-read
packages/core/cashflow/testDetectCrunches.ts	A	stale-read
packages/core/cashflow/testWaterFill.ts	A	stale-read
packages/core/cashflow/waterFill.ts	A	stale-read
packages/core/constants/livingExpensePresets.ts	A	stale-read
packages/core/constants/requiredExpensePresets.ts	A	stale-read
packages/core/copy/vocabulary.ts	A	stale-read
packages/core/debt/applyDebtPaymentProjection.ts	A	stale-read
packages/core/debt/applyPaydayCapture.ts	A	stale-read
packages/core/debt/applyRolloverPayment.ts	A	stale-read
packages/core/debt/bnplInstallment.ts	A	stale-read
packages/core/debt/bnplPayoffPace.ts	A	fix-churn
packages/core/debt/bnplProviders.ts	A	stale-read
packages/core/debt/bnplSchedule.ts	A	stale-read
packages/core/debt/buildAmortizationSchedule.ts	A	stale-read
packages/core/debt/buildPaydayCaptureItems.ts	A	stale-read
packages/core/debt/buildPayoffTrajectory.ts	A	fix-churn
packages/core/debt/bulkMarkRequired.ts	A	stale-read
packages/core/debt/calculateMonthlyInterest.ts	A	stale-read
packages/core/debt/cannotAmortize.ts	A	stale-read
packages/core/debt/computeCycleDelta.ts	A	stale-read
packages/core/debt/computeDrift.ts	A	fix-churn
packages/core/debt/computeInterestSaved.ts	A	fix-churn
packages/core/debt/computeMilestones.ts	A	stale-read
packages/core/debt/computeStreak.ts	A	stale-read
packages/core/debt/deriveRequiredActionView.ts	A	stale-read
packages/core/debt/extraPaymentPlan.ts	A	stale-read
packages/core/debt/getDebtsWithDisplayBalances.ts	A	stale-read
packages/core/debt/mergeCompletedAction.ts	A	stale-read
packages/core/debt/originalBalanceHighWater.ts	A	stale-read
packages/core/debt/parseDebtFormValues.ts	A	stale-read
packages/core/debt/projectCurrentBalance.ts	A	fix-churn
packages/core/debt/projectDebtPayoff.ts	A	fix-churn
packages/core/debt/reconcileAutopay.ts	A	stale-read
packages/core/debt/reconcileGoalAmount.ts	A	stale-read
packages/core/debt/selectActiveRecommendedActions.ts	A	stale-read
packages/core/debt/shouldPromptPaydayCapture.ts	A	stale-read
packages/core/debt/testAmortizationSchedule.ts	A	fix-churn
packages/core/debt/testApplyPaydayCapture.ts	A	stale-read
packages/core/debt/testBnplInstallment.ts	A	fix-churn
packages/core/debt/testBnplSchedule.ts	A	stale-read
packages/core/debt/testBuildPayoffTrajectory.ts	A	fix-churn
packages/core/debt/testBulkMarkRequired.ts	A	stale-read
packages/core/debt/testComputeCycleDelta.ts	A	stale-read
packages/core/debt/testComputeDrift.ts	A	fix-churn
packages/core/debt/testComputeInterestSaved.ts	A	fix-churn
packages/core/debt/testComputeMilestones.ts	A	stale-read
packages/core/debt/testComputeStreak.ts	A	stale-read
packages/core/debt/testDebtProjection.ts	A	fix-churn
packages/core/debt/testDeriveRequiredActionView.ts	A	first-look
packages/core/debt/testFreedMinimumRoll.ts	A	fix-churn
packages/core/debt/testGetDebtsWithDisplayBalances.ts	A	stale-read
packages/core/debt/testGoalReconciliation.ts	A	stale-read
packages/core/debt/testOriginalBalanceHighWater.ts	A	stale-read
packages/core/debt/testParseDebtFormValues.ts	A	stale-read
packages/core/debt/testPaydayCapture.ts	A	stale-read
packages/core/debt/testProjectCurrentBalance.ts	A	fix-churn
packages/core/debt/testProjectionAccuracy.ts	A	fix-churn
packages/core/debt/testReconcileAutopay.ts	A	first-look
packages/core/debt/testSelectActiveRecommendedActions.ts	A	stale-read
packages/core/debt/testShouldPromptPaydayCapture.ts	A	stale-read
packages/core/engine/allocatePaycheck.ts	A	fix-churn
packages/core/engine/emergencyFund.ts	A	stale-read
packages/core/engine/recommendedActions.ts	A	stale-read
packages/core/engine/testAllocation.ts	A	stale-read
packages/core/engine/testExpenseReserve.ts	A	stale-read
packages/core/forecast/getForecastStatus.ts	A	stale-read
packages/core/forecast/projectForecast.ts	A	stale-read
packages/core/forecast/types.ts	A	stale-read
packages/core/guardian/affordability.ts	A	stale-read
packages/core/guardian/buildGuardianBrief.ts	A	stale-read
packages/core/guardian/calibrationScore.ts	A	stale-read
packages/core/guardian/computeState.ts	A	stale-read
packages/core/guardian/holdbackComposition.ts	A	stale-read
packages/core/guardian/notificationDecision.ts	A	stale-read
packages/core/guardian/testAffordability.ts	A	stale-read
packages/core/guardian/testBuildGuardianBrief.ts	A	stale-read
packages/core/guardian/testCalibrationScore.ts	A	stale-read
packages/core/guardian/testComputeState.ts	A	stale-read
packages/core/guardian/testGuardianPartition.ts	A	stale-read
packages/core/guardian/testNotificationDecision.ts	A	stale-read
packages/core/history/buildCycleSnapshot.ts	A	stale-read
packages/core/history/selectVisibleHistory.ts	A	stale-read
packages/core/imports/debtCsv.ts	A	neighbour
packages/core/income/suggestLean.ts	A	stale-read
packages/core/income/testSuggestLean.ts	A	stale-read
packages/core/insights/buildSmartInsights.ts	A	stale-read
packages/core/obligations/classifyDeferability.ts	A	stale-read
packages/core/obligations/effectiveObligationAmount.ts	A	stale-read
packages/core/obligations/testClassifyDeferability.ts	A	stale-read
packages/core/obligations/testEffectiveObligationAmount.ts	A	stale-read
packages/core/payCycle/cyclesPerYear.ts	A	stale-read
packages/core/payCycle/getNextPaycheckDate.ts	A	stale-read
packages/core/payCycle/payCyclesPerMonth.ts	A	stale-read
packages/core/payCycle/rollPaydayToFuture.ts	A	stale-read
packages/core/payCycle/testPayCycle.ts	A	stale-read
packages/core/payCycle/testPayCyclesPerMonth.ts	A	stale-read
packages/core/payCycle/testRollPaydayToFuture.ts	A	stale-read
packages/core/recovery/buildRecoveryPlan.ts	A	stale-read
packages/core/recovery/testBuildRecoveryPlan.ts	A	stale-read
packages/core/recurrence/rolloverPayCycle.ts	A	stale-read
packages/core/recurrence/testRolloverDueDates.ts	A	stale-read
packages/core/scan/parseStatementText.ts	A	off-surface
packages/core/scan/testParseStatementText.ts	A	off-surface
packages/core/storage/debtPlannerStorage.ts	A	stale-read
packages/core/testing/runRegressionTests.ts	D	instrument
packages/core/testing/seedPlannerState.ts	A	s0-first-look
packages/core/testing/simSmokeSeed.ts	A	s0-first-look
packages/core/testing/testAbuseScenarios.ts	D	instrument
packages/core/testing/testAprMath.ts	A	s0-first-look
packages/core/testing/testCadenceIdentity.ts	D	instrument
packages/core/testing/testDebtMathRegression.ts	D	instrument
packages/core/testing/testDemoModeSeed.ts	A	s0-first-look
packages/core/testing/testFinalLaunchRegression.ts	A	s0-first-look
packages/core/testing/testForecastRegression.ts	A	s0-first-look
packages/core/testing/testFullAppRegression.ts	D	instrument
packages/core/testing/testMultiCycleTimelineRegression.ts	D	instrument
packages/core/testing/testPlannerStateHardening.ts	A	s0-first-look
packages/core/testing/testRecommendedActionsRegression.ts	A	s0-first-look
packages/core/testing/testSafeStorage.ts	A	s0-first-look
packages/core/testing/testStressScenarios.ts	D	instrument
packages/core/testing/testSubscriptionGating.ts	A	s0-first-look
packages/core/testing/testTimelineRegression.ts	D	instrument
packages/core/testing/testV11Regression.ts	A	s0-first-look
packages/core/timeline/buildMultiCycleTimeline.ts	A	fix-churn
packages/core/timeline/buildTimelineItems.ts	A	fix-churn
packages/core/types/livingExpense.ts	A	stale-read
packages/core/types/recurrence.ts	A	fix-churn
packages/core/utils/addMonths.ts	A	stale-read
packages/core/utils/amountField.ts	A	stale-read
packages/core/utils/dayBefore.ts	A	stale-read
packages/core/utils/formatCurrency.ts	A	fix-churn
packages/core/utils/formatDisplayAmount.ts	A	fix-churn
packages/core/utils/localDate.ts	A	stale-read
packages/core/utils/money.ts	A	stale-read
packages/core/utils/plural.ts	A	stale-read
packages/core/utils/testAddMonths.ts	A	fix-churn
packages/core/utils/testAmountField.ts	A	stale-read
packages/core/utils/testLocalDate.ts	A	stale-read
scripts/audit-route.ts	D	instrument
scripts/audit-sublanes.ts	D	s0-first-look
scripts/begin-gate-run.ts	D	neighbour
scripts/check-cap-literals.ts	D	instrument
scripts/check-conflict-markers.ts	D	instrument
scripts/check-finding-guards.ts	D	instrument
scripts/check-gate-freshness.ts	D	neighbour
scripts/check-gate-sources.ts	D	instrument
scripts/check-money-format.ts	D	instrument
scripts/check-pass-coverage.ts	D	instrument
scripts/check-rounding.ts	D	instrument
scripts/check-runner-completeness.ts	D	instrument
scripts/check-scan-floors.ts	D	instrument
scripts/check-trust-claims.ts	D	instrument
scripts/collect-lane-diagnostics.mjs	D	s0-first-look
scripts/compare-ios-screenshots.mjs	D	s0-first-look
scripts/conform-app-preview.sh	D	s0-first-look
scripts/finding-guards.json	D	instrument
scripts/gate-scan-floors.json	D	instrument
scripts/gateSources.ts	D	instrument
scripts/lib/guardBuckets.ts	D	instrument
scripts/lib/importGraph.ts	D	s0-first-look
scripts/lib/moneyClaim.ts	D	instrument
scripts/lib/verdict.ts	D	instrument
scripts/maestro-results.mjs	D	s0-first-look
scripts/make-cutover-backups.ts	D	instrument
scripts/preflight-xcuitest-target.ts	D	s0-first-look
scripts/prove-guards.ts	D	instrument
scripts/record-reads.ts	D	s0-first-look
scripts/run-gates.ts	D	instrument
scripts/surface-coverage.s0.json	D	off-surface
scripts/surface-coverage.s1.json	D	off-surface
scripts/surface-coverage.ts	D	instrument
scripts/surface-inventory.ts	D	s0-first-look
scripts/test-conform-assertions.sh	D	s0-first-look
scripts/test-gate-plants.ts	D	instrument
scripts/test-import-graph.ts	D	s0-first-look
scripts/write-gate-status.ts	D	neighbour
tests/e2e/planner-empty-state.spec.ts	D	off-surface
